"","gene","baseMean","log2FoldChange","lfcSE","pvalue","padj","symbol","Entrez","Description"
"1","AT1G69530",11033.129283803,-1.08145563999123,0.0974839637913201,1.38032021103134e-12,6.13420874735714e-10,"EXPA1",843288,"expansin A1(EXPA1)"
"2","AT1G78380",7907.69407508446,1.2219278834321,0.249418645565106,0.000189854000928715,0.0122193963011533,"GSTU19",844174,"glutathione S-transferase TAU 19(GSTU19)"
"3","AT5G15230",8302.3134422979,1.90808670653423,0.323829614513812,4.48018386607883e-07,6.10384174163221e-05,"GASA4",831375,"GAST1 protein homolog 4(GASA4)"
"4","AT1G13740",4268.79179406526,2.96754956001918,0.249431574104602,9.05966765377639e-26,1.87887440841929e-22,"AFP2",837934,"ABI five binding protein 2(AFP2)"
"5","AT2G45960",4766.62782326512,1.22397154655667,0.283330658737851,0.000728873371845201,0.0358955712018224,"PIP1-2",819204,"plasma membrane intrinsic protein 1B(PIP1B)"
"6","AT1G66270",5658.61429258011,1.38035579473111,0.141143487660862,1.10741567762443e-12,5.16747840571502e-10,"BGLU21",842944,"Glycosyl hydrolase superfamily protein(BGLU21)"
"7","AT1G20620",4779.74313094128,1.38077814685054,0.185165865038105,2.43073246880482e-08,4.49204173566751e-06,"CAT3",838651,"catalase 3(CAT3)"
"8","AT5G38410",4438.39816059178,1.85520562279237,0.180829601110734,1.44574647719901e-16,1.22658445440543e-13,"RBCS-3B",833828,"Ribulose bisphosphate carboxylase (small chain) family protein(RBCS3B)"
"9","AT4G39330",3422.62237027313,0.998216796800859,0.181844968361584,0.000303047716305384,0.0179567797613968,"CAD9",830088,"cinnamyl alcohol dehydrogenase 9(CAD9)"
"10","AT3G16370",2980.71942437421,2.38412737961648,0.176205137495385,3.38838401671805e-30,9.03488395314891e-27,"APG",820884,"GDSL-like Lipase/Acylhydrolase superfamily protein(AT3G16370)"
"11","AT1G02500",2640.89366705419,1.13190387852918,0.131886492356329,1.02488801928965e-08,2.0792972695697e-06,"SAM1",839501,"S-adenosylmethionine synthetase 1(SAM1)"
"12","AT4G21990",1941.64896441561,1.0300436793286,0.103174900721303,5.10702347974206e-10,1.38148685868675e-07,"3-Apr",828288,"APS reductase 3(APR3)"
"13","AT2G16586",2651.33140371631,1.84274557724452,0.332274437708093,1.86013033103442e-06,0.000210420197750045,"AT2G16586",3768004,"transmembrane protein(AT2G16586)"
"14","AT2G07698",2567.92284074174,3.00328960131325,0.737935706329084,2.98425572190497e-05,0.00261507666898386,"AT2G07698",815374,"ATPase, F1 complex, alpha subunit protein(AT2G07698)"
"15","AT4G18970",2291.6290407443,1.03235120179921,0.165763293992618,4.39491071446306e-05,0.00359785124936197,"AT4G18970",827632,"GDSL-like Lipase/Acylhydrolase superfamily protein(AT4G18970)"
"16","AT1G55850",1713.49879604928,0.843825089210204,0.101360644732337,6.22566329397158e-06,0.000624741964419245,"CSLE1",842035,"cellulose synthase like E1(CSLE1)"
"17","AT5G43060",1799.68439622643,1.28143868314483,0.222648189456492,1.6979868463723e-05,0.00154599631646532,"AT5G43060",834321,"Granulin repeat cysteine protease family protein(RD21B)"
"18","AT5G54160",1488.08492917682,2.15856971155464,0.139327981951937,5.49079364800467e-37,2.56214158600018e-33,"OMT1",835504,"O-methyltransferase 1(OMT1)"
"19","AT4G28520",1738.00715584958,2.56807269356618,0.315751130980532,8.21965456880186e-13,4.38342435790533e-10,"CRC",828970,"cruciferin 3(CRU3)"
"20","AT4G27440",1694.60950259803,2.62855430846137,0.224584642699256,5.38778767973e-24,8.38025475351337e-21,"PORB",828853,"protochlorophyllide oxidoreductase B(PORB)"
"21","AT1G54870",1499.9667446269,1.22761506497159,0.233592330043387,8.6123440265996e-05,0.00635373127495975,"AT1G54870",841926,"NAD(P)-binding Rossmann-fold superfamily protein(AT1G54870)"
"22","AT2G21620",1553.29759439474,0.790658755727521,0.121460591208344,0.000625346364792339,0.0319946320017274,"RD2",816700,"Adenine nucleotide alpha hydrolases-like superfamily protein(RD2)"
"23","AT3G56940",1658.62614217159,1.17061930434889,0.239038481932635,0.000292155762172863,0.0177048288992094,"CRD1",824861,"dicarboxylate diiron protein, putative (Crd1)(CRD1)"
"24","AT1G72970",1691.50146052483,1.22150916868864,0.141326490316861,1.85188213235793e-09,4.48901038967022e-07,"HTH",843628,"Glucose-methanol-choline (GMC) oxidoreductase family protein(HTH)"
"25","AT5G61820",1498.73915777403,1.03743178804359,0.20068269694074,0.000426697466237904,0.0237740543502402,"AT5G61820",836304,"stress up-regulated Nod 19 protein(AT5G61820)"
"26","AT1G76680",1273.26513228515,1.56291734635671,0.215791153555447,1.39863136428298e-08,2.77717600152572e-06,"OPR1",844001,"12-oxophytodienoate reductase 1(OPR1)"
"27","AT1G17180",1184.46526837523,1.72435682149798,0.202984933310456,1.1908421044049e-11,4.63063914139946e-09,"GSTU25",838289,"glutathione S-transferase TAU 25(GSTU25)"
"28","AT3G53420",1480.97613761717,3.28721176406469,0.185549678987697,3.06472064654948e-55,5.7203010867846e-51,"PIP2-1",824510,"plasma membrane intrinsic protein 2A(PIP2A)"
"29","AT4G25100",1886.03835285101,2.49881814839244,0.281297815198502,8.96867320839513e-15,5.58000951448984e-12,"FSD1",828613,"Fe superoxide dismutase 1(FSD1)"
"30","AT2G39730",1461.22715443113,2.27376985341007,0.289751304734904,1.39772568376679e-11,5.3241938545933e-09,"RCA",818558,"rubisco activase(RCA)"
"31","AT3G21370",1607.58059966929,1.41754314426209,0.299690672665297,0.000116165601831911,0.00817239710288556,"BGLU19",821691,"beta glucosidase 19(BGLU19)"
"32","AT1G06680",1439.73614747352,1.4610484157261,0.294367898281724,5.17712714805578e-05,0.00418316355924075,"PSBP1",837178,"photosystem II subunit P-1(PSBP-1)"
"33","AT3G02550",1188.13162751497,-2.39491691364673,0.204725280219432,3.56705814355969e-23,5.12147232688782e-20,"LBD41",821112,"LOB domain-containing protein 41(LBD41)"
"34","AT1G79040",1442.28719667318,2.15917027877793,0.255591839910982,8.89561949047426e-13,4.48747939972168e-10,"PSBR",844245,"photosystem II subunit R(PSBR)"
"35","AT5G52640",1002.17717759529,1.37979773131367,0.311167323260025,0.000266834086215897,0.016437155839009,"HSP81-1",835341,"heat shock-like protein(HSP90.1)"
"36","AT1G74470",1317.16818120353,1.64323396324224,0.154934728549586,2.88557928198533e-16,2.34171031731549e-13,"CHLP",843788,"Pyridine nucleotide-disulfide oxidoreductase family protein(AT1G74470)"
"37","AT5G11090",1206.32727041514,-1.02124662521949,0.168505805920158,6.96969876420537e-05,0.00535347437999561,"AT5G11090",830977,"serine-rich protein-like protein(AT5G11090)"
"38","AT1G70830",1479.56760299091,1.06420708686445,0.12966921954002,9.85049972734777e-08,1.55813201195717e-05,"MLP28",843420,"MLP-like protein 28(MLP28)"
"39","AT2G06850",1293.79868966418,1.1333482392013,0.128786893393035,4.68329863445896e-09,1.04064010728781e-06,"XTH4",815247,"xyloglucan endotransglucosylase/hydrolase 4(XTH4)"
"40","AT1G65030",1097.77689588478,-1.44066027383008,0.366185437333786,0.000635062266245486,0.0323838649527735,"AT1G65030",842811,"Transducin/WD40 repeat-like superfamily protein(AT1G65030)"
"41","AT4G00430",1077.96952649501,1.04298614713432,0.211833173328039,0.000638481773513027,0.0323838649527735,"PIP1.4",827956,"plasma membrane intrinsic protein 1;4(PIP1;4)"
"42","AT2G40000",938.164354281196,-1.59209705524964,0.445498988848303,0.000870317628244575,0.0412296409420939,"HSPRO2",818588,"ortholog of sugar beet HS1 PRO-1 2(HSPRO2)"
"43","AT4G24110",1426.44631229282,-1.90668867198492,0.532804160705232,0.000445862463763538,0.0245487400771281,"AT4G24110",828511,"NADP-specific glutamate dehydrogenase(AT4G24110)"
"44","AT1G44575",1313.11049486412,1.69066400773113,0.203949716040547,4.23914974755393e-11,1.38813561470341e-08,"PSBS",841033,"Chlorophyll A-B binding family protein(NPQ4)"
"45","AT1G42970",1262.09449290948,1.22119449001263,0.263808727623581,0.000391588091292603,0.0223024802746664,"GAPB",840895,"glyceraldehyde-3-phosphate dehydrogenase B subunit(GAPB)"
"46","AT3G10040",1439.64649128622,-3.18594636329036,0.649753371350823,1.26171663634587e-06,0.000146272925573886,"AT3G10040",820165,"sequence-specific DNA binding transcription factor(AT3G10040)"
"47","AT1G01620",1053.76671653207,1.36486077842933,0.268830382941924,6.07077895040722e-05,0.00478047532068483,"PIP1-3",839235,"plasma membrane intrinsic protein 1C(PIP1C)"
"48","AT1G72570",1032.74515773332,-2.21941648725624,0.498924146706385,2.4228049986739e-05,0.00215341215715468,"AIL1",843589,"Integrase-type DNA-binding superfamily protein(AT1G72570)"
"49","AT5G14780",770.598372346962,1.56816627553596,0.146642112139153,3.76535293961228e-16,2.92834635907763e-13,"FDH1",831330,"formate dehydrogenase(FDH)"
"50","AT3G04730",899.655141527743,1.34304674604528,0.165066188412624,2.61416404903922e-09,6.09917149691463e-07,"IAA16",819633,"indoleacetic acid-induced protein 16(IAA16)"
"51","AT4G03280",997.067963791496,1.42214814367632,0.331838656339646,0.000324841071729135,0.0189753942393315,"PETC",827996,"photosynthetic electron transfer C(PETC)"
"52","AT3G04290",1194.4936289156,1.99664796226827,0.256821136308047,6.45015358953688e-11,2.04054435167298e-08,"LTL1",819584,"Li-tolerant lipase 1(LTL1)"
"53","AT5G35630",1093.08606390782,1.8585472096276,0.203746958264633,1.80269489909652e-13,1.01961516035262e-10,"GLN2",833535,"glutamine synthetase 2(GS2)"
"54","AT5G45950",919.933226009222,1.68383910204284,0.205226895303138,6.33796817623954e-11,2.03962372430191e-08,"AT5G45950",834635,"GDSL-like Lipase/Acylhydrolase superfamily protein(AT5G45950)"
"55","AT1G29930",1065.97797568463,3.60916555206406,0.409076765791374,4.87662189117176e-16,3.64088590394884e-13,"LHCB1.3",839871,"chlorophyll A/B binding protein 1(CAB1)"
"56","AT3G60140",610.582612361782,1.71502081063572,0.471303245302572,0.000625665185139594,0.0319946320017274,"BGLU30",825184,"Glycosyl hydrolase superfamily protein(DIN2)"
"57","AT5G05410",786.663515185412,-1.49214816863312,0.294615674544023,3.20185615791892e-05,0.00276678912905355,"DREB2A",830424,"DRE-binding protein 2A(DREB2A)"
"58","AT1G29080",765.769583272188,-1.39501589845982,0.208344570599115,3.55224836041645e-07,4.985166590013e-05,"AT1G29080",839783,"Papain family cysteine protease(AT1G29080)"
"59","AT5G47330",655.335744002934,2.53338870091663,0.255798756669607,1.05473661670941e-17,1.15803876181654e-14,"AT5G47330",834780,"alpha/beta-Hydrolases superfamily protein(AT5G47330)"
"60","AT1G17170",671.041483496177,1.1283572919825,0.188539198700183,3.01676966305547e-05,0.00263121522247338,"GSTU24",838288,"glutathione S-transferase TAU 24(GSTU24)"
"61","AT1G67750",948.916115612554,1.30161449413093,0.129321014576869,9.84216852917415e-13,4.8293330590587e-10,"AT1G67750",843100,"Pectate lyase family protein(AT1G67750)"
"62","AT3G16450",1057.76345270379,1.2717951879585,0.147189262189057,9.56638244456955e-10,2.41292605848501e-07,"JAL33",820893,"Mannose-binding lectin superfamily protein(JAL33)"
"63","AT4G21850",869.115883203365,1.25356637501387,0.185380105199431,9.96244689031567e-07,0.000119198122569065,"MSRB9",828273,"methionine sulfoxide reductase B9(MSRB9)"
"64","AT3G23810",955.0836197257,1.93522042392903,0.152461061366887,2.62793942362404e-24,4.45913539472206e-21,"SAHH2",821964,"S-adenosyl-l-homocysteine (SAH) hydrolase 2(SAHH2)"
"65","AT2G40300",817.657364850343,1.09524230204931,0.161862568172192,5.55069567103302e-06,0.000575576303887952,"FER4",818622,"ferritin 4(FER4)"
"66","AT2G28420",874.069902973858,-1.00010547211214,0.206377025893309,0.000990887697778035,0.0458930989554021,"AT2G28420",817390,"Lactoylglutathione lyase / glyoxalase I family protein(GLYI8)"
"67","AT5G66190",833.121324928541,0.981315628844958,0.194194922456675,0.000828065583803537,0.0402495940669089,"LFNR1",836751,"ferredoxin-NADP[+]-oxidoreductase 1(FNR1)"
"68","AT4G13180",705.935865779096,1.30126601888524,0.17046187857448,3.06629921298876e-08,5.50312257792646e-06,"AT4G13180",826932,"NAD(P)-binding Rossmann-fold superfamily protein(AT4G13180)"
"69","AT1G01060",784.741792619667,1.16875587237575,0.208234289880029,5.46684789129869e-05,0.00439822051254699,"LHY",839341,"Homeodomain-like superfamily protein(LHY)"
"70","AT2G44460",447.656584777295,1.9812024201872,0.40238522471354,1.16859722865678e-05,0.0011016094582262,"BGLU28",819053,"beta glucosidase 28(BGLU28)"
"71","AT3G15353",641.137179830019,1.8406637962916,0.429852439774241,9.46822876903355e-05,0.00687643929859966,"MT3",820771,"metallothionein 3(MT3)"
"72","AT1G16880",725.034974069134,0.987254399964714,0.186320430259317,0.000481301772316029,0.0258146482191916,"ACR11",838259,"uridylyltransferase-like protein(ACR11)"
"73","AT5G13630",643.090063648259,3.8291737848147,0.290163149443354,7.05223884557809e-33,2.6326007610543e-29,"CHLH",831207,"magnesium-chelatase subunit chlH, chloroplast, putative / Mg-protoporphyrin IX chelatase, putative (CHLH)(GUN5)"
"74","AT4G10340",740.583215019486,3.94637945624717,0.375078880978586,4.84380889339977e-22,6.45783521395048e-19,"LHCB5",826626,"light harvesting complex of photosystem II 5(LHCB5)"
"75","AT3G22370",468.444870555586,1.55156702281245,0.237993403835999,2.62509304509436e-07,3.85805997532962e-05,"AOX1A",821806,"alternative oxidase 1A(AOX1A)"
"76","AT2G05380",696.273131727124,5.41093674189049,0.749475838316237,8.71114727579481e-13,4.48747939972168e-10,"GRP3S",815086,"glycine-rich protein 3 short isoform(GRP3S)"
"77","AT2G30520",699.193201020217,1.72792668372781,0.24668595748317,9.11835751198479e-09,1.87848480529048e-06,"RPT2",817601,"Phototropic-responsive NPH3 family protein(RPT2)"
"78","AT1G14930",531.43394705539,1.2028413994769,0.268899665194609,0.000583877886572298,0.0306988190221745,"AT1G14930",838058,"Polyketide cyclase/dehydrase and lipid transport superfamily protein(AT1G14930)"
"79","AT1G06350",750.614221923136,0.815163253277993,0.133587588078666,0.000852608947864547,0.0410153247729169,"AT1G06350",837146,"Fatty acid desaturase family protein(ADS4)"
"80","AT1G12240",758.967183949154,2.20851658772083,0.222370691331511,4.05411994644824e-17,3.71284921234089e-14,"BFRUCT4",837777,"Glycosyl hydrolases family 32 protein(ATBETAFRUCT4)"
"81","AT2G27385",685.566048844597,1.62998632871327,0.255419535766511,2.50075478543656e-07,3.70449111668043e-05,"AT2G27385",817283,"Pollen Ole e 1 allergen and extensin family protein(AT2G27385)"
"82","AT5G04530",668.299649598923,1.5379015319022,0.19254088891697,4.6236784206242e-10,1.28807399583508e-07,"KCS21",830332,"3-ketoacyl-CoA synthase 19(KCS19)"
"83","AT4G02520",595.276352693636,1.81672306151698,0.207572070319694,1.58955016590955e-12,6.89975670853531e-10,"GSTF2",827931,"glutathione S-transferase PHI 2(GSTF2)"
"84","AT3G26520",798.394852310852,4.19304185387578,0.283099761856196,5.57630323357509e-42,5.20408499273395e-38,"TIP1-2",822259,"tonoplast intrinsic protein 2(TIP2)"
"85","AT1G77950",536.507793931557,-1.20902122037341,0.232378312295281,0.000103561115598032,0.00743449316398952,"AGL67",844130,"AGAMOUS-like 67(AGL67)"
"86","AT5G62520",545.326046503448,-2.46044008036561,0.235778728521568,3.40863128748814e-19,3.97638143631039e-16,"SRO5",836372,"similar to RCD one 5(SRO5)"
"87","AT4G15030",610.854655692227,-2.02268158704208,0.570121542519774,0.000386999602276252,0.022157507903332,"AT4G15030",827162,"folate-sensitive fragile site protein(AT4G15030)"
"88","AT1G59640",514.050684057164,-1.10182112751341,0.212626310843713,0.000233663269928997,0.0146353185678682,"BPE",842254,"transcription factor BIG PETAL P (BPE)(BPEp)"
"89","AT4G10270",665.24354891851,-1.98379011240409,0.351284428667651,7.70187990605704e-07,9.39579009454606e-05,"AT4G10270",826619,"Wound-responsive family protein(AT4G10270)"
"90","AT4G36360",615.629022950571,1.40625801829153,0.254474744590313,1.49123406642018e-05,0.00137112728323806,"BGAL3",829788,"beta-galactosidase 3(BGAL3)"
"91","AT4G01870",429.654854962123,1.83720978806347,0.235006865781751,1.75801250594655e-10,5.29246829411168e-08,"AT4G01870",828228,"tolB protein-like protein(AT4G01870)"
"92","AT5G01530",617.435911753934,1.44049609066804,0.192758889697111,1.54840718469514e-08,3.01052292732655e-06,"LHCB4.1",830325,"light harvesting complex photosystem II(LHCB4.1)"
"93","AT1G73190",641.395394438052,1.90048435591931,0.306082444783618,1.41185261912775e-07,2.19601909466829e-05,"TIP3-1",843653,"Aquaporin-like superfamily protein(TIP3;1)"
"94","AT5G66570",652.061465823012,2.95870875354055,0.219927157576006,6.61969876789954e-32,2.05927795838075e-28,"PSBO1",836789,"PS II oxygen-evolving complex 1(PSBO1)"
"95","AT2G27300",405.866893931823,-1.38156666831349,0.215877537852291,1.1152008200132e-06,0.000132581040162716,"NTL8",817273,"NTM1-like 8(NTL8)"
"96","AT3G54400",584.196273629386,0.852988689125575,0.147758294082075,0.000865854734010547,0.0412205037138966,"AT3G54400",824606,"Eukaryotic aspartyl protease family protein(AT3G54400)"
"97","AT1G72430",531.456425155634,-1.14088150294196,0.237230667913288,0.000374794449332366,0.0215911678913229,"AT1G72430",843575,"SAUR-like auxin-responsive protein family(AT1G72430)"
"98","AT3G13520",531.020821214079,1.96761354209656,0.388820507875114,6.774585214207e-06,0.000665513858016704,"AGP12",820554,"arabinogalactan protein 12(AGP12)"
"99","AT2G07715",572.12139403045,2.03608045939577,0.314836551052466,2.79095727197035e-08,5.10717818444379e-06,"AT2G07715",815389,"Nucleic acid-binding, OB-fold-like protein(AT2G07715)"
"100","AT1G16030",436.386579471094,1.97324436008788,0.39471691648949,7.18591441703876e-06,0.000702225615675541,"HSP70-5",838174,"heat shock protein 70B(Hsp70b)"
"101","AT2G01021",709.837738427481,3.33924206126662,0.89361902882613,6.09565028836318e-05,0.00478047532068483,"AT2G01021",6241266,"hypothetical protein(AT2G01021)"
"102","AT3G44300",348.526743628987,2.72087680779488,0.330453243003983,1.88365679266074e-13,1.03407217750037e-10,"NIT2",823555,"nitrilase 2(NIT2)"
"103","AT5G02180",430.200911221827,-1.51687177084791,0.178659540156212,8.42701071207975e-11,2.62150258234948e-08,"AT5G02180",831862,"Transmembrane amino acid transporter family protein(AT5G02180)"
"104","AT2G07671",554.269329873424,2.73495812369498,0.455455336239073,2.87175951542053e-08,5.20401857818682e-06,"AT2G07671",815343,"ATP synthase subunit C family protein(AT2G07671)"
"105","AT4G34050",389.808435906612,1.73069534085916,0.254753741185515,3.36792630504085e-08,5.93040985694221e-06,"CCOAOMT1",829551,"S-adenosyl-L-methionine-dependent methyltransferases superfamily protein(CCoAOMT1)"
"106","AT3G47470",527.274598218605,1.39936319699627,0.271873377812647,4.35866584874602e-05,0.00358389859325306,"LHCA4",823901,"light-harvesting chlorophyll-protein complex I subunit A4(LHCA4)"
"107","AT5G47550",490.235853263898,1.5818453912692,0.320583448080102,3.48637983909204e-05,0.00295787634984786,"CYS5",834805,"Cystatin/monellin superfamily protein(AT5G47550)"
"108","AT5G66985",589.082462706288,-2.33135262993673,0.574663320816198,6.34863706776057e-05,0.0049580464799059,"AT5G66985",836833,"hypothetical protein(AT5G66985)"
"109","AT1G70710",413.699686092994,1.42331298617042,0.181170924256982,3.90338550214153e-09,8.84564462489518e-07,"CEL1",843408,"glycosyl hydrolase 9B1(GH9B1)"
"110","AT2G38170",451.271678448413,2.01105140122303,0.159014389475088,1.5237900947077e-24,2.84415421177192e-21,"CAX1",818395,"cation exchanger 1(CAX1)"
"111","AT1G55210",420.081471419013,1.16524860261286,0.188494739550942,1.31504862409629e-05,0.00122116331187847,"DIR20",841964,"Disease resistance-responsive (dirigent-like protein) family protein(AT1G55210)"
"112","AT2G02120",423.314297797524,1.28529629143708,0.255927514111954,0.000103087399906123,0.00742905914767481,"PDF2.1",814743,"Scorpion toxin-like knottin superfamily protein(PDF2.1)"
"113","AT4G02770",484.906651448318,2.29778480573911,0.376020800738809,4.41582033464075e-08,7.63160060611755e-06,"PSAD1",828183,"photosystem I subunit D-1(PSAD-1)"
"114","AT1G58290",397.765174931438,1.38678791752766,0.141993334434473,1.00907575303129e-12,4.8293330590587e-10,"HEMA1",842198,"Glutamyl-tRNA reductase family protein(HEMA1)"
"115","AT5G04140",430.387675384395,2.48067124076721,0.266426456403133,8.86977180158915e-16,6.36747271833313e-13,"GLU1",830292,"glutamate synthase 1(GLU1)"
"116","AT1G68010",396.489767369875,1.27980618981564,0.298647860338303,0.000651562516247249,0.0329577625088209,"HPR",843129,"hydroxypyruvate reductase(HPR)"
"117","AT3G56350",375.088028842788,1.32761285381388,0.235831882212791,1.52976717519774e-05,0.00139966197671891,"MSD2",824802,"Iron/manganese superoxide dismutase family protein(AT3G56350)"
"118","AT5G03760",421.722997727468,1.42789361929103,0.213319286835099,2.75228133186403e-07,4.0133852390033e-05,"CSLA9",831734,"Nucleotide-diphospho-sugar transferases superfamily protein(ATCSLA09)"
"119","AT2G07727",440.730807718426,2.72527254178805,0.861050446088086,0.000434213576862927,0.024120822655198,"MT-CYB",815400,"cytochrome b(AT2G07727)"
"120","AT5G52882",350.003949862344,1.62392415789022,0.381736339529749,0.000217520466686919,0.0137627780024114,"AT5G52882",5008305,"P-loop containing nucleoside triphosphate hydrolases superfamily protein(AT5G52882)"
"121","AT5G64170",379.335673068347,0.932324508067844,0.176629645638671,0.000856463565645945,0.0410566959644206,"AT5G64170",836538,"dentin sialophosphoprotein-like protein(AT5G64170)"
"122","AT1G56660",520.438565814012,-3.86322321490044,1.01886999851409,3.31624826442206e-05,0.00283934742456136,"AT1G56660",842121,"MAEBL domain protein(AT1G56660)"
"123","AT4G29270",449.827426512855,1.21460416314721,0.138702547398354,1.35396889106731e-09,3.36957724690284e-07,"AT4G29270",829048,"HAD superfamily, subfamily IIIB acid phosphatase(AT4G29270)"
"124","AT4G16190",377.581654855611,1.01512272760193,0.202523683295248,0.000675981621200543,0.0340086171420704,"AT4G16190",827311,"Papain family cysteine protease(AT4G16190)"
"125","AT2G29380",373.839689595965,-1.33237602853847,0.192782480433414,2.97892420149362e-07,4.31020311789755e-05,"HAI3",817487,"highly ABA-induced PP2C protein 3(HAI3)"
"126","AT1G74310",273.026597112237,2.38412599026422,0.428459055974862,4.05816509159714e-07,5.65266055482541e-05,"CLPB1",843771,"heat shock protein 101(HSP101)"
"127","AT5G19940",375.571980532046,1.47892461396696,0.211424836097182,6.81080420296819e-08,1.12498814556107e-05,"PAP8",832116,"Plastid-lipid associated protein PAP / fibrillin family protein(AT5G19940)"
"128","AT1G32060",434.376789299435,1.55628457183541,0.229697349237532,8.27354240351561e-08,1.33125576691051e-05,"PRK",840098,"phosphoribulokinase(PRK)"
"129","AT4G27150",423.373890697529,2.81242467641781,0.776506869478544,0.000125378773908396,0.00866738820370446,"AT2S2",828823,"seed storage albumin 2(SESA2)"
"130","AT4G24510",351.947102508478,1.35648049992768,0.267232116050229,5.61499542806542e-05,0.00447879870362569,"CER2",828553,"HXXXD-type acyl-transferase family protein(CER2)"
"131","AT5G22140",320.879739258056,1.26405738267591,0.191629945302509,1.55922365902434e-06,0.000177456765827374,"AT5G22140",832275,"FAD/NAD(P)-binding oxidoreductase family protein(AT5G22140)"
"132","AT1G12900",359.630444518551,1.85912106808033,0.40379218312253,3.7192667732341e-05,0.00312703217668533,"GAPA2",837848,"glyceraldehyde 3-phosphate dehydrogenase A subunit 2(GAPA-2)"
"133","AT4G15760",303.872883717118,1.52305422083653,0.218914419649045,5.20319144948234e-08,8.82886985496253e-06,"MO1",827255,"monooxygenase 1(MO1)"
"134","AT5G44260",492.485450711189,-1.40813514814668,0.306590848154816,0.000157441794792708,0.0104578330953947,"AT5G44260",834449,"Zinc finger C-x8-C-x5-C-x3-H type family protein(AT5G44260)"
"135","AT4G30370",314.020733434592,-1.86464795027703,0.322912921168754,6.64062456673791e-07,8.31860788846732e-05,"ATL14",829160,"RING/U-box superfamily protein(AT4G30370)"
"136","AT4G38770",394.254120395926,3.70431906833194,0.975316010604632,3.36657546744519e-05,0.00286927539268787,"PRP4",830032,"proline-rich protein 4(PRP4)"
"137","AT1G76690",304.883890578144,1.34097116843836,0.285796141767114,0.000182611288265909,0.0118106209067639,"OPR2",844002,"12-oxophytodienoate reductase 2(OPR2)"
"138","AT1G47980",363.267206672502,1.83017964554618,0.420214238447816,8.0097192712673e-05,0.00602828266928242,"AT1G47980",841216,"desiccation-like protein(AT1G47980)"
"139","AT3G23170",295.422309107382,-1.64044840862744,0.194197430215118,3.51744675359662e-11,1.19369352101602e-08,"AT3G23170",821893,"hypothetical protein(AT3G23170)"
"140","AT1G11600",348.261672034215,3.47395068450854,0.229839546468583,2.78404086869688e-41,1.73213742714091e-37,"CYP77B1",837704,"cytochrome P450, family 77, subfamily B, polypeptide 1(CYP77B1)"
"141","AT2G42320",314.318586885389,0.949756806173371,0.182359388637046,0.000806749863150391,0.039315890850397,"AT2G42320",818833,"nucleolar protein gar2-like protein(AT2G42320)"
"142","AT5G15950",307.217252336637,1.53024999465228,0.232952101682406,2.33184854237076e-07,3.5099962131734e-05,"SAMDC2",831452,"Adenosylmethionine decarboxylase family protein(AT5G15950)"
"143","AT1G11545",331.612904785613,1.16675054830345,0.177128262796001,4.28751844368174e-06,0.000459922596271952,"XTH8",837698,"xyloglucan endotransglucosylase/hydrolase 8(XTH8)"
"144","AT5G40890",325.863421945983,2.09595726734177,0.455815304696737,2.28589296507111e-05,0.00204144460253838,"CLC-A",834090,"chloride channel A(CLC-A)"
"145","AT5G09440",299.811460788919,1.04917486709795,0.190713494202947,0.000194085370267876,0.0124061761508559,"EXL4",830803,"EXORDIUM like 4(EXL4)"
"146","AT1G47620",361.937112719335,1.01916124305692,0.126590119237113,4.1122691119276e-07,5.68559281289841e-05,"CYP96A8",841171,"cytochrome P450, family 96, subfamily A, polypeptide 8(CYP96A8)"
"147","AT2G04050",175.457012931133,1.82029330816439,0.447131940302887,0.000213332807927328,0.0135899551534593,"DTXL1",814939,"MATE efflux family protein(AT2G04050)"
"148","AT2G45970",320.693713285521,1.32645035238736,0.220098325939368,5.74281972815965e-06,0.000592208454287845,"CYP86A8",819205,"cytochrome P450, family 86, subfamily A, polypeptide 8(CYP86A8)"
"149","AT2G07734",331.400174758665,3.16355470523275,0.618232644764752,6.31877527289813e-07,8.05781757088813e-05,"AT2G07734",815406,"Alpha-L RNA-binding motif/Ribosomal protein S4 family protein(AT2G07734)"
"150","AT1G05510",276.499986247635,1.59799503402164,0.32120147829193,2.81833394196532e-05,0.00248133033145201,"AT1G05510",837053,"naphthalene 1,2-dioxygenase subunit alpha (DUF1264)(AT1G05510)"
"151","AT5G63350",321.05828966534,-1.31511478655612,0.28605192369873,0.000246556965464079,0.0152602727473603,"AT5G63350",836455,"von willebrand factor A domain protein(AT5G63350)"
"152","AT3G20810",216.47040395982,-1.12426312802194,0.224067804614539,0.000278963484798603,0.0170716506352981,"JMJD5",821629,"2-oxoglutarate (2OG) and Fe(II)-dependent oxygenase superfamily protein(JMJD5)"
"153","AT1G01120",225.045186939145,1.89557361263503,0.320341671119193,5.56789042274268e-07,7.37054430783632e-05,"KCS1",839395,"3-ketoacyl-CoA synthase 1(KCS1)"
"154","AT5G02790",254.585113960787,2.13451289119007,0.307224562116794,2.57072700797604e-09,6.07374931694593e-07,"GSTL3",831798,"Glutathione S-transferase family protein(GSTL3)"
"155","AT3G50820",267.194936860025,1.37223772456904,0.174635671253204,6.22181892950115e-09,1.35035174789697e-06,"PSBO2",824246,"photosystem II subunit O-2(PSBO2)"
"156","AT1G69540",181.583111643499,-1.85092044246582,0.290775921396596,9.6901618987157e-08,1.54587069948315e-05,"AGL94",843289,"AGAMOUS-like 94(AGL94)"
"157","AT5G36160",183.846290396416,1.18047069404981,0.266296678885969,0.00075390511849555,0.0370306290439985,"TAT",833613,"Tyrosine transaminase family protein(AT5G36160)"
"158","AT3G01680",229.369078655082,-1.69940956188593,0.267029678054998,1.87918694936274e-07,2.89876234792195e-05,"SEOB",821097,"sieve element occlusion amino-terminus protein(SEOR1)"
"159","AT1G61520",268.712914278479,4.16892271878585,0.495770748767825,4.2775879250016e-15,2.75314409035017e-12,"LHCA3",842446,"PSI type III chlorophyll a/b-binding protein(LHCA3)"
"160","AT5G43420",212.242614981183,0.974328079446642,0.192673080265404,0.000900923075962764,0.0424639626586995,"ATL16",834362,"RING/U-box superfamily protein(AT5G43420)"
"161","AT1G14950",227.605926883889,4.77792017002767,0.536074633318257,2.01530674229628e-17,1.97977370236632e-14,"AT1G14950",838060,"Polyketide cyclase/dehydrase and lipid transport superfamily protein(AT1G14950)"
"162","AT1G33055",298.851171445474,-2.91003717242193,0.44310172906525,1.41150400642336e-09,3.46654240524896e-07,"AT1G33055",840201,"hypothetical protein(AT1G33055)"
"163","AT2G36830",301.1735649092,6.92512995056762,0.616346619049465,8.83714108701273e-26,1.87887440841929e-22,"TIP1-1",818255,"gamma tonoplast intrinsic protein(GAMMA-TIP)"
"164","AT4G23680",329.613606599547,3.09033793242078,0.61421059420038,7.25152378044498e-07,8.90458495802667e-05,"AT4G23680",828468,"Polyketide cyclase/dehydrase and lipid transport superfamily protein(AT4G23680)"
"165","AT3G01670",268.20766540947,-1.43425282925851,0.190644332566959,1.2839275565893e-08,2.57682880040207e-06,"SEOA",821096,"sieve element occlusion protein(SEOa)"
"166","AT5G64040",242.004666885028,2.08908219620391,0.395264539056162,2.12283860873834e-06,0.000237262171449708,"PSAN",836525,"photosystem I reaction center subunit PSI-N, chloroplast, putative / PSI-N, putative (PSAN)(PSAN)"
"167","AT5G26670",276.565794421203,1.01105929433304,0.210180330085029,0.00109751321004275,0.0499636196718243,"PAE10",832722,"Pectinacetylesterase family protein(AT5G26670)"
"168","AT5G57660",211.592296905325,2.00626830959584,0.263767087729206,2.06417896847756e-10,6.11553975343391e-08,"COL5",835872,"CONSTANS-like 5(COL5)"
"169","AT2G20560",181.07546570734,1.2722355543929,0.24416486856535,7.30249261347079e-05,0.005586107566821,"AT2G20560",816578,"DNAJ heat shock family protein(AT2G20560)"
"170","AT1G44000",229.301134816757,0.970170381854303,0.187265904069925,0.000697921164198385,0.0348307447319863,"SGRL",841000,"STAY-GREEN-like protein(AT1G44000)"
"171","AT1G10370",246.533451597855,1.97278321460478,0.265774746938404,5.08302893356697e-10,1.38148685868675e-07,"GSTU17",837576,"Glutathione S-transferase family protein(ERD9)"
"172","AT2G33070",226.045529615171,4.86317669190184,0.549612603753945,1.83142760358688e-17,1.89908867894162e-14,"NSP2",817869,"nitrile specifier protein 2(NSP2)"
"173","AT1G08980",212.467415207014,1.08532815967815,0.211977632031486,0.000325022340333649,0.0189753942393315,"AMI1",837418,"amidase 1(AMI1)"
"174","AT4G22780",237.076633576109,-1.55583677929009,0.228184398499099,6.34731173404991e-08,1.05779083496466e-05,"ACR7",828377,"ACT domain repeat 7(ACR7)"
"175","AT2G07741",273.379597577109,2.56542875504697,0.839197996343107,0.000623449337355077,0.0319946320017274,"ATP6-1",815413,"ATPase, F0 complex, subunit A protein(AT2G07741)"
"176","AT2G18730",178.677130837699,1.93065319616678,0.268448899801512,2.20831387643547e-09,5.28438185944461e-07,"DGK3",816388,"diacylglycerol kinase 3(DGK3)"
"177","AT4G12800",252.175989171,3.51966179812827,0.410398525777599,3.34094665410881e-15,2.2270989035336e-12,"PSAL",826892,"photosystem I subunit l(PSAL)"
"178","AT5G54270",277.421064662412,3.25421259498419,0.636130846402881,5.74189594419116e-07,7.5473582956569e-05,"LHCB3",835515,"light-harvesting chlorophyll B-binding protein 3(LHCB3)"
"179","AT4G10265",215.850361983574,-2.90774985550506,0.328327733976942,2.29809022962658e-15,1.58866126429556e-12,"AT4G10265",826618,"Wound-responsive family protein(AT4G10265)"
"180","AT4G30270",228.725337900377,1.25658326995044,0.217425334957591,1.78921843468642e-05,0.00161875772262398,"XTH24",829150,"xyloglucan endotransglucosylase/hydrolase 24(XTH24)"
"181","AT3G46820",182.254366781308,1.06601934562126,0.231716512483457,0.0010884079037939,0.04967025311568,"TOPP5",823835,"type one serine/threonine protein phosphatase 5(TOPP5)"
"182","AT5G23060",234.354384768408,2.45395546498918,0.31955256663793,1.86275468229681e-11,6.75814343331252e-09,"CAS",832370,"calcium sensing receptor(CaS)"
"183","AT1G04660",219.15285059537,1.61811077712077,0.312458134963224,1.45366266384948e-05,0.00134319869409656,"AT1G04660",839454,"glycine-rich protein(AT1G04660)"
"184","AT2G07687",247.869666802095,2.68457010019141,0.886598182726193,0.00060422972161814,0.0315026473575491,"COX3",815364,"Cytochrome c oxidase, subunit III(AT2G07687)"
"185","AT3G49160",151.855820673247,1.31469183213655,0.267978656624869,0.000128704963275056,0.0088319049247387,"PKP4",824077,"pyruvate kinase family protein(AT3G49160)"
"186","AT1G55670",240.152002480905,3.26574069930505,0.459832368096351,2.52370283087335e-11,8.72313209967612e-09,"PSAG",842016,"photosystem I subunit G(PSAG)"
"187","AT2G07777",239.722949162981,2.93324525491483,0.545021325396905,3.14312882728844e-07,4.47835874514036e-05,"AT2G07777",2745461,"ATP synthase 9 mitochondrial(AT2G07777)"
"188","AT5G08640",204.684975985302,-1.10455168772473,0.232805133338937,0.000607913759040546,0.0315807289693062,"FLS1",830765,"flavonol synthase 1(FLS1)"
"189","AT1G45010",175.494277574187,1.63423918720591,0.382689544693979,0.000151954306224476,0.0101656886225084,"AT1G45010",841066,"TRAM, LAG1 and CLN8 (TLC) lipid-sensing domain containing protein(AT1G45010)"
"190","AT1G70840",165.71327953819,3.41521603957421,0.588189477567919,1.60865510585379e-08,3.09541727327432e-06,"MLP31",843421,"MLP-like protein 31(MLP31)"
"191","AT5G19490",143.765760273153,-1.17570709837349,0.2688002328753,0.000830702243366818,0.0402728762920562,"AT5G19490",832069,"Histone superfamily protein(AT5G19490)"
"192","AT1G72500",183.851498911983,1.17927850849719,0.2435364434833,0.000300294917211695,0.0179567797613968,"AT1G72500",843582,"inter alpha-trypsin inhibitor, heavy chain-like protein(AT1G72500)"
"193","AT2G07725",220.235625122114,2.85421355674288,0.803758476537287,0.000154289587141829,0.0102850540857223,"AT2G07725",815398,"Ribosomal L5P family protein(AT2G07725)"
"194","AT1G60870",185.204432028463,1.21697155196416,0.289852601766687,0.00100156204097303,0.0462726621157465,"MEE9",842379,"maternal effect embryo arrest 9(MEE9)"
"195","AT1G64900",144.740283159177,1.90722530583573,0.331546345837148,6.38926868733696e-07,8.05781757088813e-05,"CYP89A2",842798,"cytochrome P450, family 89, subfamily A, polypeptide 2(CYP89A2)"
"196","AT1G68650",170.60035982392,1.66947905948513,0.380602729992801,0.000116893542359402,0.00817239710288556,"AT1G68650",843195,"Uncharacterized protein family (UPF0016)(AT1G68650)"
"197","AT3G13310",171.148458223707,-1.13787204957621,0.248847507978542,0.000638059009663294,0.0323838649527735,"AT3G13310",820531,"Chaperone DnaJ-domain superfamily protein(AT3G13310)"
"198","AT4G28750",218.699082391804,1.7363543689762,0.415195620933664,0.000138217432188805,0.00934720424566684,"PSAE1",828996,"Photosystem I reaction centre subunit IV / PsaE protein(PSAE-1)"
"199","AT4G09010",210.395627576176,1.36175603677473,0.341010208766789,0.000708310536472368,0.0351038066256764,"TL29",826480,"ascorbate peroxidase 4(TL29)"
"200","AT1G14120",220.223018829368,1.98406346590366,0.267535927832739,3.93533174226841e-10,1.11292374196121e-07,"AT1G14120",837971,"2-oxoglutarate (2OG) and Fe(II)-dependent oxygenase superfamily protein(AT1G14120)"
"201","AT5G55630",185.043467738893,0.96142609274558,0.168992564690554,0.000301805046042532,0.0179567797613968,"TPK1",835657,"Outward rectifying potassium channel protein(KCO1)"
"202","AT2G34420",235.434702628509,6.43496673589087,1.24281352981162,1.14490587938808e-07,1.79577044023349e-05,"LHB1B2",818005,"photosystem II light harvesting complex protein B1B2(LHB1B2)"
"203","AT3G61470",219.420904109434,2.74171056141864,0.343413389130924,1.19917469663888e-12,5.45916968604016e-10,"LHCA2",825320,"photosystem I light harvesting complex protein(LHCA2)"
"204","AT1G03880",183.744524756114,1.89186849355186,0.459510343277513,0.000122605219247544,0.00850716140243644,"CRB",839383,"cruciferin 2(CRU2)"
"205","AT2G41090",142.281798159604,3.36027143627594,0.435458020443075,3.15081820485161e-12,1.27847873464251e-09,"CML10",818708,"Calcium-binding EF-hand family protein(AT2G41090)"
"206","AT2G42220",185.677379912292,1.51736184977214,0.31353656011043,5.86182097981998e-05,0.00463605460120084,"STR9",818822,"Rhodanese/Cell cycle control phosphatase superfamily protein(AT2G42220)"
"207","AT3G01060",152.258553438315,1.36019425397493,0.270706249358598,8.05796844622583e-05,0.00604024020276326,"AT3G01060",821278,"lysine-tRNA ligase(AT3G01060)"
"208","AT1G29910",202.296391030303,3.10454868048346,0.85061544399966,0.000101360309775997,0.00733290768205035,"LHCB1.2",839869,"chlorophyll A/B binding protein 3(CAB3)"
"209","AT3G05260",140.916586984489,1.28966674134174,0.318325677326918,0.000872604581285334,0.0412333278726348,"AT3G05260",819690,"NAD(P)-binding Rossmann-fold superfamily protein(AT3G05260)"
"210","AT2G41100",172.394284754279,1.87155495890008,0.358394332729949,5.18821167711003e-06,0.000540994251135524,"CML12",818709,"Calcium-binding EF hand family protein(TCH3)"
"211","AT2G35260",163.461303788297,1.50227423010786,0.275073383339194,1.05907329735129e-05,0.0010137232356442,"AT2G35260",818093,"CAAX protease self-immunity protein(AT2G35260)"
"212","AT4G29220",145.305762669927,1.35149783163397,0.304019001814611,0.000300090689864836,0.0179567797613968,"PFK1",829043,"phosphofructokinase 1(PFK1)"
"213","AT3G02900",161.684340556824,2.25957105394221,0.255202425036221,5.55500621094615e-14,3.3446513202358e-11,"AT3G02900",821188,"Low-density receptor-like protein(AT3G02900)"
"214","AT1G17810",152.444553197201,1.70687602303343,0.383304139918367,7.89017319765092e-05,0.00596235152769856,"TIP3-2",838359,"beta-tonoplast intrinsic protein(BETA-TIP)"
"215","AT4G18650",200.167083548063,-1.66265312938328,0.300320279197012,3.74819772525897e-06,0.000406254877177804,"AT4G18650",827599,"transcription factor-like protein(AT4G18650)"
"216","AT4G22570",165.466187000363,1.28298959098194,0.316922302570179,0.000961490388988233,0.0449779902517929,"APT3",828353,"adenine phosphoribosyl transferase 3(APT3)"
"217","AT3G27400",186.891864301524,1.37967744914225,0.29415493342131,0.000146935225448154,0.00990075092581594,"AT3G27400",822361,"Pectin lyase-like superfamily protein(AT3G27400)"
"218","AT2G28950",177.508034849168,2.23025406890159,0.308996429303947,5.19727423323543e-10,1.38581605090485e-07,"EXPA6",817444,"expansin A6(EXPA6)"
"219","AT3G10010",97.8228055345883,2.0402377116302,0.555842900658734,0.000391921432097005,0.0223024802746664,"DML2",820162,"demeter-like 2(DML2)"
"220","AT5G44020",186.134472609344,3.48669099327455,0.723839206789446,2.72944766793578e-06,0.000303244885250127,"AT5G44020",834425,"HAD superfamily, subfamily IIIB acid phosphatase(AT5G44020)"
"221","AT2G07732",185.551910897711,3.53060687967397,0.671026667523945,2.49840714281971e-07,3.70449111668043e-05,"AT2G07732",3768663,"Ribulose bisphosphate carboxylase large chain, catalytic domain-containing protein(AT2G07732)"
"222","AT3G45970",119.19532165299,1.55249949766048,0.408862459248602,0.000703461200355766,0.0350136088123743,"EXLA1",823740,"expansin-like A1(EXLA1)"
"223","AT3G52360",115.522559442458,1.78363909854696,0.307506227136579,1.30700486500168e-06,0.000150319236604909,"AT3G52360",824401,"transmembrane protein(AT3G52360)"
"224","AT3G07010",152.32914706191,1.39429840233185,0.219975104367372,1.13303655294207e-06,0.000133007089689709,"AT3G07010",819886,"Pectin lyase-like superfamily protein(AT3G07010)"
"225","AT4G02700",180.963380331985,3.15206416387551,0.506436341779475,5.84940289046562e-09,1.28446005824166e-06,"SULTR3",828201,"sulfate transporter 3;2(SULTR3;2)"
"226","AT3G61220",143.405045564159,1.19190671836426,0.249398279745372,0.00030080852461073,0.0179567797613968,"SDR1",825294,"NAD(P)-binding Rossmann-fold superfamily protein(SDR1)"
"227","AT1G52560",104.920757119337,3.54672222278923,0.534175831959571,2.15672404521128e-10,6.28988348497945e-08,"HSP26.5",841687,"HSP20-like chaperones superfamily protein(AT1G52560)"
"228","AT2G31380",124.584914613048,2.73278100967837,0.368042249674892,3.83624891944883e-11,1.27863546574129e-08,"BBX25",817696,"salt tolerance homologue(STH)"
"229","AT1G32740",119.972474008848,-1.8053744773599,0.403912230463273,5.55307789418573e-05,0.00444842055343248,"AT1G32740",840168,"SBP (S-ribonuclease binding protein) family protein(AT1G32740)"
"230","AT1G29670",159.56380259292,2.80726292506689,0.758073696597805,0.00015949042028992,0.0105190413240684,"AT1G29670",839844,"GDSL-like Lipase/Acylhydrolase superfamily protein(AT1G29670)"
"231","AT1G62660",158.076961523577,4.4629404859011,0.432902468268825,2.15043963460081e-21,2.67586371865494e-18,"BFRUCT3",842563,"Glycosyl hydrolases family 32 protein(AT1G62660)"
"232","AT1G68780",125.534491499216,1.81035380966073,0.279719204828276,5.46450838398373e-08,9.18874315198705e-06,"AT1G68780",843209,"RNI-like superfamily protein(AT1G68780)"
"233","AT2G26640",114.315942709565,1.20762822604024,0.257469038894528,0.000384724732928138,0.0220950373541652,"KCS11",817205,"3-ketoacyl-CoA synthase 11(KCS11)"
"234","AT1G52230",152.712145410176,2.60111840435256,0.490831702362298,8.48538258232861e-07,0.000102843938895561,"PSAH2",841653,"photosystem I subunit H2(PSAH2)"
"235","AT1G57770",125.163438763909,1.18634377415078,0.245632793040436,0.000308902946068587,0.0181882444428082,"AT1G57770",842152,"FAD/NAD(P)-binding oxidoreductase family protein(AT1G57770)"
"236","AT3G16140",137.820445964615,2.23656889374417,0.357658235494643,3.76514124135577e-08,6.56788423083228e-06,"PSAH1",820859,"photosystem I subunit H-1(PSAH-1)"
"237","AT3G53190",136.616865188701,1.49172127024339,0.331524474816698,0.000168729992167317,0.011011696866444,"AT3G53190",824485,"Pectin lyase-like superfamily protein(AT3G53190)"
"238","AT2G07707",133.841411642221,3.12614610313843,0.595383534438985,4.57125828845649e-07,6.18279246043771e-05,"YMF19",815382,"Plant mitochondrial ATPase, F0 complex, subunit 8 protein(AT2G07707)"
"239","AT3G54890",139.941044595245,2.97979184309332,0.40505615461339,1.84174084351963e-11,6.75814343331252e-09,"LHCA1",824654,"chlorophyll a-b binding protein 6(LHCA1)"
"240","AT1G61260",122.818615079576,-1.538681867096,0.31500011972375,4.22784536880631e-05,0.00349171388534379,"AT1G61260",842420,"cotton fiber (DUF761)(AT1G61260)"
"241","AT1G22590",120.394308560616,1.46551295391791,0.254066252206251,5.81858020133721e-06,0.000596724172845928,"AGL87",838865,"AGAMOUS-like 87(AGL87)"
"242","AT1G15820",134.907453080675,4.9007923068931,0.608035326440732,6.82323757714746e-14,3.97986654304554e-11,"LHCB6",838151,"light harvesting complex photosystem II subunit 6(LHCB6)"
"243","AT2G23000",133.333182172097,2.23435384499241,0.272325716960379,2.86601666221717e-12,1.18876002222852e-09,"SCPL10",816831,"serine carboxypeptidase-like 10(scpl10)"
"244","AT5G08050",129.756525085621,1.35389328698361,0.329557340492442,0.000560523925425651,0.0296379010426906,"AT5G08050",830699,"wiskott-aldrich syndrome family protein, putative (DUF1118)(AT5G08050)"
"245","AT2G46630",159.891321744974,-2.91398709499631,0.687532206742068,1.7952469787472e-05,0.00161875772262398,"AT2G46630",3768746,"serine/arginine repetitive matrix protein(AT2G46630)"
"246","AT3G08940",117.278045601668,3.13362006566335,0.60687852575591,6.18069547625944e-07,7.95604696995741e-05,"LHCB4.2",820043,"light harvesting complex photosystem II(LHCB4.2)"
"247","AT1G07720",120.474353992398,3.00756753189281,0.410061277139477,1.88279377729575e-11,6.75814343331252e-09,"KCS3",837286,"3-ketoacyl-CoA synthase 3(KCS3)"
"248","AT1G55330",129.876350906851,2.75682686647376,0.592591939652808,4.7866561233372e-06,0.000504762353345135,"AGP21",841979,"arabinogalactan protein 21(AGP21)"
"249","AT1G55260",129.82461732916,1.19148761998606,0.255067763379598,0.000398144406927944,0.0225877366422798,"AT1G55260",841970,"Bifunctional inhibitor/lipid-transfer protein/seed storage 2S albumin superfamily protein(AT1G55260)"
"250","AT1G72180",118.588790926804,1.54727963846258,0.327429924049746,7.69179383259894e-05,0.00583607040184793,"AT1G72180",843550,"Leucine-rich receptor-like protein kinase family protein(AT1G72180)"
"251","AT5G65207",108.333756410332,-1.93254501354714,0.380127589433085,6.20948781359121e-06,0.000624741964419245,"AT5G65207",836645,"hypothetical protein(AT5G65207)"
"252","AT1G54860",101.230819007522,1.50490255042439,0.307529412505821,5.65274788446816e-05,0.00448972507504673,"AT1G54860",841925,"Glycoprotein membrane precursor GPI-anchored(AT1G54860)"
"253","AT4G37390",75.2458548382758,1.80830621076721,0.322517147351771,2.05300602843411e-06,0.000230839503136883,"YDK1",829893,"Auxin-responsive GH3 family protein(BRU6)"
"254","AT2G07696",118.375564223576,2.6686428492796,0.698036019490912,8.83957154675699e-05,0.00649569302835509,"RPS7",815372,"Ribosomal protein S7p/S5e family protein(AT2G07696)"
"255","AT2G16630",109.796534612466,2.42332003023539,0.414109807687395,7.91848052091254e-08,1.28520381672028e-05,"AT2G16630",816164,"Pollen Ole e 1 allergen and extensin family protein(AT2G16630)"
"256","AT4G20260",73.9481789420732,3.78167561172025,0.687363774533863,3.01378026797759e-07,4.32709297706167e-05,"PCAP1",827773,"plasma-membrane associated cation-binding protein 1(PCAP1)"
"257","AT1G78680",98.1563694162658,1.27595599842411,0.289476450273,0.00042503360959083,0.0237522524641103,"GGH2",844204,"gamma-glutamyl hydrolase 2(GGH2)"
"258","AT4G00400",120.037192804569,1.34883017705874,0.257385005813703,4.20236460990965e-05,0.00348609490862061,"GPAT8",828140,"glycerol-3-phosphate acyltransferase 8(GPAT8)"
"259","AT1G14940",88.2905500085589,2.30203483841953,0.482134097569169,6.02042554474684e-06,0.000610713276047281,"AT1G14940",838059,"Polyketide cyclase/dehydrase and lipid transport superfamily protein(AT1G14940)"
"260","AT1G78820",117.283186601816,1.56582244501777,0.340205569350764,9.33880572104325e-05,0.00680893784309657,"AT1G78820",844219,"D-mannose binding lectin protein with Apple-like carbohydrate-binding domain-containing protein(AT1G78820)"
"261","AT2G02930",90.136106330039,2.94775731284405,0.378226650905033,2.80915007851658e-12,1.18876002222852e-09,"GSTF3",814822,"glutathione S-transferase F3(GSTF3)"
"262","AT4G25830",95.2988249644801,2.73586653329117,0.39932761631517,7.13584115001726e-10,1.82452705568592e-07,"AT4G25830",828688,"Uncharacterized protein family (UPF0497)(AT4G25830)"
"263","AT3G44630",88.2397330848011,1.34420841487589,0.299528412625973,0.000305071943496211,0.0180195184346734,"AT3G44630",823589,"Disease resistance protein (TIR-NBS-LRR class) family(AT3G44630)"
"264","AT1G76650",97.5061566178828,-3.24627905157501,0.476667037279358,2.56377037923856e-10,7.36196525053659e-08,"CML38",843998,"calmodulin-like 38(CML38)"
"265","AT5G55620",76.0345654062566,3.59447099426634,0.720082460434467,1.1483260255024e-06,0.000133959407912514,"AT5G55620",835656,"hypothetical protein(AT5G55620)"
"266","AT1G29025",105.856612724584,3.9504545918895,0.810477345892376,3.6313439648434e-06,0.000396368626338024,"AT1G29025",10723075,"Calcium-binding EF-hand family protein(AT1G29025)"
"267","AT2G44790",108.330878281772,2.60322416629002,0.604439809371791,3.31196512471702e-05,0.00283934742456136,"UCC2",819088,"uclacyanin 2(UCC2)"
"268","AT2G20260",97.4140470562099,2.73184402159444,0.394710417175331,5.38282182765667e-10,1.41507562553819e-07,"PSAE2",816545,"photosystem I subunit E-2(PSAE-2)"
"269","AT4G28680",93.7456829490915,4.82955385867316,1.04766842700748,8.48172680735099e-06,0.000820266481135783,"TYRDC",828986,"L-tyrosine decarboxylase(TYRDC)"
"270","AT5G21100",97.8908966967928,3.21018653791271,0.466669197548082,1.70368883171295e-10,5.21300853179052e-08,"AT5G21100",832234,"Plant L-ascorbate oxidase(AT5G21100)"
"271","AT2G13360",77.7759341129929,1.96320177403501,0.350860420931281,1.31272625591214e-06,0.000150319236604909,"AGT1",815822,"alanine:glyoxylate aminotransferase(AGT)"
"272","AT2G01670",81.5239887750662,2.04362620184388,0.388789759008564,3.56320457519268e-06,0.000391218902329243,"NUDT17",814696,"nudix hydrolase homolog 17(NUDT17)"
"273","AT2G18050",73.9739496739317,-1.36335610635191,0.301267141106581,0.000222358711566925,0.0140213694303941,"HIS1-3",816317,"histone H1-3(HIS1-3)"
"274","AT4G28040",79.206608913021,2.05499262236409,0.365107424386584,6.18052075557711e-07,7.95604696995741e-05,"AT4G28040",828919,"nodulin MtN21 /EamA-like transporter family protein(UMAMIT33)"
"275","AT1G53180",69.091816193827,1.46068127890449,0.332995576270012,0.00023477872511856,0.0146560030245415,"AT1G53180",841752,"hypothetical protein(AT1G53180)"
"276","AT3G48350",105.369994213544,7.25566845745541,1.31623592146656,9.15843114285741e-09,1.87848480529048e-06,"CEP3",823993,"Cysteine proteinases superfamily protein(CEP3)"
"277","AT4G05631",89.0750258859797,2.8749613955972,0.474207681306396,2.22195118121692e-08,4.18916351489029e-06,"AT4G05631",825936,"hypothetical protein(AT4G05631)"
"278","AT3G16410",91.675051523554,1.40373940723145,0.331669643231952,0.000436883436166228,0.0241971196915212,"NSP4",820888,"nitrile specifier protein 4(NSP4)"
"279","AT2G37170",84.8081019551256,2.15138849288583,0.318630289736144,7.03653498174620e-09,1.49246506175333e-06,"PIP2-2",818293,"plasma membrane intrinsic protein 2(PIP2B)"
"280","AT2G29340",69.9115300674922,2.91182872895712,0.524435712291331,1.94928207570245e-07,2.95799593032409e-05,"AT2G29340",817483,"NAD-dependent epimerase/dehydratase family protein(AT2G29340)"
"281","AT1G72510",65.9346043360698,1.79836113295683,0.467404485998189,0.000325321519238471,0.0189753942393315,"AT1G72510",843583,"DUF1677 family protein (DUF1677)(AT1G72510)"
"282","AT1G70700",68.5650973567145,1.58075687330102,0.35427046357521,0.000131113220079141,0.00893148997363932,"TIFY7",843407,"TIFY domain/Divergent CCT motif family protein(TIFY7)"
"283","AT1G22550",88.7747314155041,1.63421320266329,0.422111901164603,0.000482690993792098,0.0258149782210014,"NPF5.16",838861,"Major facilitator superfamily protein(AT1G22550)"
"284","AT2G07695",86.9832669896298,2.44453748348686,0.588200348381152,4.10983502495125e-05,0.00342455672949621,"AT2G07695",815371,"Cytochrome C oxidase subunit II-like, transmembrane domain-containing protein(AT2G07695)"
"285","AT1G04350",74.5945388793465,1.32508319356713,0.313925793622221,0.000577410520037213,0.0304445405550694,"AT1G04350",839542,"2-oxoglutarate (2OG) and Fe(II)-dependent oxygenase superfamily protein(AT1G04350)"
"286","AT4G25810",71.7895675869152,1.62818696309915,0.369539859654015,0.000130396932257937,0.00891523348203078,"XTH23",828686,"xyloglucan endotransglycosylase 6(XTR6)"
"287","AT5G03555",67.2454781659942,1.55605868196155,0.289987019966673,1.14114576211331e-05,0.0010867084515227,"NCS1",831791,"permease, cytosine/purines, uracil, thiamine, allantoin family protein(NCS1)"
"288","AT5G51190",93.3577447973859,-3.04935366457851,0.849320133753336,0.000106336417653555,0.00760447982951575,"ERF105",835193,"Integrase-type DNA-binding superfamily protein(AT5G51190)"
"289","AT1G30380",75.5232532515204,5.84218583278894,1.13835439724662,4.7457667137986e-07,6.37264285705401e-05,"PSAK",839918,"photosystem I subunit K(PSAK)"
"290","AT3G16360",49.449679627131,2.7470976908754,0.92778673692753,0.000495665024008413,0.0264331076374772,"AHP4",820883,"HPT phosphotransmitter 4(AHP4)"
"291","AT5G20230",53.6965771749135,1.81493495663166,0.523175724082679,0.000779201484068626,0.0380727636129343,"BCB",832145,"blue-copper-binding protein(BCB)"
"292","AT5G26200",80.0321196139483,-2.09547690467913,0.37639924388333,7.00192237570814e-07,8.71272540950617e-05,"AT5G26200",832689,"Mitochondrial substrate carrier family protein(AT5G26200)"
"293","AT5G59680",57.809909937261,-1.80917682234871,0.341755839935874,5.90004358515324e-06,0.000601772205010302,"AT5G59680",836089,"Leucine-rich repeat protein kinase family protein(AT5G59680)"
"294","AT2G04570",82.666359286937,5.85207687309922,1.40266612184203,7.42535061870678e-06,0.000721844631761261,"AT2G04570",814999,"GDSL-like Lipase/Acylhydrolase superfamily protein(AT2G04570)"
"295","AT2G42990",71.6313284263712,3.16122437361319,0.500889452369873,8.07408657336468e-09,1.69329017856013e-06,"AT2G42990",818901,"GDSL-like Lipase/Acylhydrolase superfamily protein(AT2G42990)"
"296","AT5G59540",53.8847947866467,2.21628263472531,0.38185836555609,3.24254612520599e-07,4.58500935052801e-05,"AT5G59540",836073,"2-oxoglutarate (2OG) and Fe(II)-dependent oxygenase superfamily protein(AT5G59540)"
"297","AT2G05100",74.0215669970622,8.8225196801496,2.4693532489457,3.93350390498955e-09,8.84564462489518e-07,"LHCB2.1",815058,"photosystem II light harvesting complex protein 2.1(LHCB2.1)"
"298","AT1G29660",64.3600341260162,3.783855519136,0.656818748868776,7.63230265727779e-08,1.24962218507096e-05,"AT1G29660",839843,"GDSL-like Lipase/Acylhydrolase superfamily protein(AT1G29660)"
"299","AT4G30060",64.4291820775103,3.25002601792403,0.687496862481877,9.9160614898372e-06,0.000954037565504182,"AT4G30060",829129,"Core-2/I-branching beta-1,6-N-acetylglucosaminyltransferase family protein(AT4G30060)"
"300","AT2G36870",64.3589227424738,4.74715429093402,0.655785181822453,8.75970987178699e-12,3.47872307993413e-09,"XTH32",818259,"xyloglucan endotransglucosylase/hydrolase 32(XTH32)"
"301","AT5G20630",68.4203872964544,4.38806601694928,0.48287341947227,4.17732833962811e-17,3.71284921234089e-14,"GER3",832185,"germin 3(GER3)"
"302","AT4G29905",62.1141246252953,3.82902468321717,0.524604276592969,2.47518803800638e-11,8.71686504328096e-09,"AT4G29905",829113,"hypothetical protein(AT4G29905)"
"303","AT3G01190",74.784708193046,6.21081810318494,2.38946602565326,3.1093000628778e-05,0.00269930631040066,"PER27",821314,"Peroxidase superfamily protein(AT3G01190)"
"304","AT3G46780",63.4079125734991,3.1595252635115,0.605862351653128,8.99672567513519e-07,0.000108337990146063,"PTAC16",823831,"plastid transcriptionally active 16(PTAC16)"
"305","AT2G07599",60.459576453197,2.75174247953962,0.684913958318348,4.84818632469302e-05,0.00393440859784327,"AT2G07599",10723120,"hypothetical protein(AT2G07599)"
"306","AT1G17960",30.2644655298913,5.2905278336944,2.12943579848434,6.47512239378217e-05,0.0049941388214853,"AT1G17960",838375,"Threonyl-tRNA synthetase(AT1G17960)"
"307","AT1G29920",62.8116425279396,7.8489332427499,2.52056954921803,4.27201113725673e-07,5.86302116741889e-05,"LHCB1.2",839870,"chlorophyll A/B-binding protein 2(CAB2)"
"308","AT2G20800",29.6424462392098,4.87110588348627,2.10544448576363,0.000181113505351568,0.0117786884229513,"NDB4",816609,"NAD(P)H dehydrogenase B4(NDB4)"
"309","AT5G25980",53.11212499342,3.0895482922035,0.530043979331329,3.29048650450521e-08,5.84923148634188e-06,"TGG2",832667,"glucoside glucohydrolase 2(TGG2)"
"310","AT2G46600",51.7787502384684,2.43066704622599,0.524875579393193,1.16092080846349e-05,0.00109992826852645,"KIC",819272,"Calcium-binding EF-hand family protein(AT2G46600)"
"311","AT3G16470",54.5569841441452,2.45720243491716,0.381655544072461,1.41632383053607e-08,2.78270361020586e-06,"JAL35",820895,"Mannose-binding lectin superfamily protein(JR1)"
"312","AT3G21670",50.9970872833391,1.63925681081048,0.427680176378292,0.000507875656456775,0.0270071200221245,"NPF6.4",821721,"Major facilitator superfamily protein(AT3G21670)"
"313","AT4G05180",58.8188204207687,8.11376696961714,2.33742902997721,6.80232763213533e-09,1.45937293395179e-06,"PSBQ2",825866,"photosystem II subunit Q-2(PSBQ-2)"
"314","AT4G16980",60.4070982307432,2.46078859830488,0.658298899395114,0.000117834322022232,0.00820663291248121,"AT4G16980",827406,"arabinogalactan-protein family(AT4G16980)"
"315","AT5G62940",40.6131224829582,-1.66452236299842,0.35803302299252,6.40656889398888e-05,0.00498244201692927,"DOF5.6",836414,"Dof-type zinc finger DNA-binding family protein(HCA2)"
"316","AT3G16240",59.5805629679312,3.54307191685572,0.595106366543639,1.86683268556568e-08,3.5555542934779e-06,"TIP2-1",820870,"delta tonoplast integral protein(DELTA-TIP)"
"317","AT2G07785",54.841218977675,2.48396146680348,0.686109041482472,0.000182870047792915,0.0118106209067639,"AT2G07785",2745467,"NADH dehydrogenase family protein(AT2G07785)"
"318","AT1G31580",54.9683745264184,2.37991570138432,0.652714576315852,0.000165448209858388,0.0108354064456379,"ECS1",840047,"ECS1(ECS1)"
"319","AT3G48580",49.8566886208255,5.3527394378868,0.822196188352412,6.17809496903392e-10,1.60158531384747e-07,"XTH11",824018,"xyloglucan endotransglucosylase/hydrolase 11(XTH11)"
"320","AT4G28250",48.384033030728,2.56704651888666,0.385441224098589,3.19705398873847e-09,7.36703860491402e-07,"EXPB3",828940,"expansin B3(EXPB3)"
"321","AT2G30040",39.2509857715702,2.08101833450048,0.53270757101417,0.000245605417084894,0.0152602727473603,"MAPKKK14",817555,"mitogen-activated protein kinase kinase kinase 14(MAPKKK14)"
"322","AT5G48060",44.8274197099101,-1.7485688991029,0.317497610227348,3.18006674556753e-06,0.000351218614236792,"AT5G48060",834858,"C2 calcium/lipid-binding plant phosphoribosyltransferase family protein(AT5G48060)"
"323","AT4G35350",58.3054411735774,2.86749529513089,0.655902188941246,2.24747917276603e-05,0.0020167884019076,"XCP1",829688,"xylem cysteine peptidase 1(XCP1)"
"324","AT3G56290",40.3484024797131,2.71016304951184,0.685041971244164,9.10121026438066e-05,0.0066617290033202,"AT3G56290",824796,"potassium transporter(AT3G56290)"
"325","AT2G29300",40.4084249681355,3.20611379000335,0.560323155393862,4.65305037034197e-08,7.96781515251678e-06,"AT2G29300",817479,"NAD(P)-binding Rossmann-fold superfamily protein(AT2G29300)"
"326","AT1G22650",40.4888393787082,1.74851917501523,0.402484503706093,0.00012682097820671,0.00873473637722598,"INVD",838871,"Plant neutral invertase family protein(A/N-InvD)"
"327","AT5G66650",36.3715777182045,-1.67118566397363,0.489952876018848,0.00098479784368307,0.0457245068466281,"AT5G66650",836797,"calcium uniporter (DUF607)(AT5G66650)"
"328","AT2G07706",55.5862884375445,2.53245059416595,0.828776788132966,0.000678316056249097,0.0340343257792726,"AT2G07706",815381,"hypothetical protein(AT2G07706)"
"329","AT5G13770",39.560429047812,1.96835019466015,0.615808335657217,0.000764535428283718,0.0374542093672325,"AT5G13770",831222,"Pentatricopeptide repeat (PPR-like) superfamily protein(AT5G13770)"
"330","AT3G51660",32.0785985711568,2.92600744854811,0.632988482252162,1.20799997477795e-05,0.00113303113212213,"AT3G51660",824329,"Tautomerase/MIF superfamily protein(AT3G51660)"
"331","AT2G37210",31.2443652164318,1.83810127609369,0.480651252737226,0.000403722114855414,0.0228347674962918,"LOG3",818298,"lysine decarboxylase family protein(LOG3)"
"332","AT1G02340",40.2711357636262,1.69050927553812,0.413360797515713,0.000232596394424812,0.0146175478179768,"HFR1",839300,"basic helix-loop-helix (bHLH) DNA-binding superfamily protein(HFR1)"
"333","AT1G21540",44.0525052830427,2.71836836474546,0.798996831002102,0.000616906791499289,0.0318081913351774,"AEE9",838755,"AMP-dependent synthetase and ligase family protein(AT1G21540)"
"334","AT1G18180",27.1922246805208,2.24141472621588,0.687226260238949,0.00104843327206994,0.0483185358597172,"AT1G18180",838397,"3-oxo-5-alpha-steroid 4-dehydrogenase (DUF1295)(AT1G18180)"
"335","AT1G20823",37.6783257067303,-1.89990156623675,0.530789831511748,0.000480758154609058,0.0258146482191916,"ATL80",838674,"RING/U-box superfamily protein(AT1G20823)"
"336","AT2G07678",38.7191567174763,2.39172192423259,0.6774598003409,0.000287734545605902,0.0174936980251927,"AT2G07678",815354,"hypothetical protein(AT2G07678)"
"337","AT2G01280",31.7840821927429,-3.18202462913112,0.70355936486374,6.41069073991429e-06,0.000636465652449469,"MEE65",814656,"Cyclin/Brf1-like TBP-binding protein(MEE65)"
"338","AT5G39110",30.3065997690863,2.2469864482183,0.698901790177649,0.000833454709055393,0.0403016376801008,"GLP6",833904,"RmlC-like cupins superfamily protein(AT5G39110)"
"339","AT3G32980",42.5038024844309,2.20504466870036,0.51765725289346,6.43573992936134e-05,0.00498436040587259,"PER32",823067,"Peroxidase superfamily protein(AT3G32980)"
"340","AT1G22220",37.1884339882568,-3.09937646722245,0.600774895725626,5.94446211119607e-07,7.75897799338984e-05,"AT1G22220",838827,"F-box family protein(AUF2)"
"341","AT5G02230",32.3210868811663,4.10797334315924,0.752138147090847,1.89566176371865e-07,2.90020711637775e-05,"AT5G02230",831784,"Haloacid dehalogenase-like hydrolase (HAD) superfamily protein(AT5G02230)"
"342","AT4G09950",40.1388924680372,5.12322879595457,2.17046635255957,0.000111406053627049,0.00787649238995785,"AT4G09950",826585,"P-loop containing nucleoside triphosphate hydrolases superfamily protein(AT4G09950)"
"343","AT4G19840",31.7337207590473,5.03005758956919,1.31482033905074,2.78585995287567e-05,0.00246436379243717,"PP2A1",827728,"phloem protein 2-A1(PP2-A1)"
"344","AT4G35180",22.1201788915409,3.35778740807322,0.778745711752182,3.58580578122098e-05,0.00302846447540677,"LHT7",829671,"LYS/HIS transporter 7(LHT7)"
"345","AT1G69930",24.2184716774465,3.7643935109078,0.972594809987943,0.000116904903641599,0.00817239710288556,"GSTU11",843329,"glutathione S-transferase TAU 11(GSTU11)"
"346","AT3G53310",21.70207784308,2.27943608188799,0.699515630445896,0.000846378652541729,0.0408208205418382,"REM20",824499,"AP2/B3-like transcriptional factor family protein(AT3G53310)"
"347","AT5G04890",33.8660848608219,2.94797427477228,0.870925223310027,0.000867147902203737,0.0412205037138966,"RTM2",830370,"HSP20-like chaperones superfamily protein(RTM2)"
"348","AT1G55120",30.8348186970046,2.2659699638914,0.559459113573262,0.000135708418325756,0.00921090046563725,"CWINV3",841955,"beta-fructofuranosidase 5(FRUCT5)"
"349","AT3G20470",32.2472847079893,7.58826927045367,2.28058638043939,2.35886922037443e-08,4.40282939982888e-06,"GRP-5",3768804,"glycine-rich protein 5(GRP5)"
"350","AT1G76780",33.0762809742623,-3.2368523965578,1.01237518807051,0.000274833895297599,0.0168742587359529,"AT1G76780",844012,"HSP20-like chaperones superfamily protein(AT1G76780)"
"351","AT3G22540",32.5037977809712,2.16441481244645,0.688322207385037,0.000973917472276807,0.0453320938155776,"AT3G22540",821825,"hypothetical protein (DUF1677)(AT3G22540)"
"352","AT5G51500",38.6443838674621,3.17463061312734,0.986072507559352,0.000454815854209791,0.0248948326065271,"PME60",835224,"Plant invertase/pectin methylesterase inhibitor superfamily(AT5G51500)"
"353","AT5G51060",29.3366703870125,3.04239104724925,0.928960177347575,0.000909146359023323,0.0427436191213358,"RBOHC",835179,"NADPH/respiratory burst oxidase protein D(RHD2)"
"354","AT1G28570",30.3149428439077,4.80159426100883,1.29655633523339,7.56488278219908e-05,0.00576320559713248,"AT1G28570",839757,"SGNH hydrolase-type esterase superfamily protein(AT1G28570)"
"355","AT5G54370",32.5620043669814,4.04749593391841,1.0206649900556,0.000108976516149044,0.00773401777156615,"AT5G54370",835525,"Late embryogenesis abundant (LEA) protein-like protein(AT5G54370)"
"356","AT1G25440",27.4368856651868,3.64203366973151,1.06050154508904,0.000480452986996385,0.0258146482191916,"COL16",839130,"B-box type zinc finger protein with CCT domain-containing protein(BBX15)"
"357","AT1G19020",22.3750698478576,3.40450419235593,0.805279626005832,4.68847903400413e-05,0.00382141751832695,"AT1G19020",838483,"CDP-diacylglycerol-glycerol-3-phosphate 3-phosphatidyltransferase(AT1G19020)"
"358","AT1G05260",29.4888987293782,2.49295418390393,0.775981539298431,0.000457195465404225,0.0249519104145317,"PER3",837028,"Peroxidase superfamily protein(RCI3)"
"359","AT5G44580",33.0343795878381,2.90038034343921,0.892325027499644,0.000448300382057221,0.024610372444406,"AT5G44580",834486,"transmembrane protein(AT5G44580)"
"360","AT4G01360",27.9423930861608,-2.19514944075003,0.439814294150385,5.05375489521847e-06,0.000529934466962094,"AT4G01360",827971,"BPS1-like protein(BPS3)"
"361","AT4G10250",21.0159593759137,4.31646679212711,1.16430748958835,8.40727093999911e-05,0.00625186103964476,"HSP22.0",826616,"HSP20-like chaperones superfamily protein(ATHSP22.0)"
"362","AT3G23175",29.8265357085879,5.08215312539699,1.32366789282517,4.06851878859282e-05,0.00340533198157331,"AT3G23175",821895,"HR-like lesion-inducing protein-like protein(AT3G23175)"
"363","AT3G27170",24.6647397054651,2.49084684354165,0.782917294660278,0.000969330879432103,0.0452314021615005,"CLC-B",822336,"chloride channel B(CLC-B)"
"364","AT3G04720",21.329150689209,2.60327315858299,0.685941796519671,0.000147463635541218,0.00990075092581594,"HEL",819632,"pathogenesis-related 4(PR4)"
"365","AT4G37810",22.5074768619139,2.10973289199782,0.57356465344219,0.000410295623261856,0.0230667705065739,"EPFL2",829937,"EPIDERMAL PATTERNING FACTOR-like protein(AT4G37810)"
"366","AT2G30230",24.4262740210402,1.74310681267843,0.518825147490696,0.00106939889120239,0.0491633751337257,"AT2G30230",817573,"6,7-dimethyl-8-ribityllumazine synthase(AT2G30230)"
"367","AT1G21400",21.8166534692432,3.24681320008615,0.680963675131069,4.73437878172906e-06,0.000502086249778255,"F24J8.4",838739,"Thiamin diphosphate-binding fold (THDP-binding) superfamily protein(AT1G21400)"
"368","AT2G43880",28.9552911857703,4.23351725829896,2.13430774836469,0.000857868278924406,0.0410566959644206,"AT2G43880",818992,"Pectin lyase-like superfamily protein(AT2G43880)"
"369","AT1G43910",20.0522412056775,3.25404627821163,0.876868101288206,0.000329064872454529,0.0191339434403856,"AT1G43910",840990,"P-loop containing nucleoside triphosphate hydrolases superfamily protein(AT1G43910)"
"370","AT2G29940",18.7190955863408,4.85751260241983,1.01104326428893,4.36471735154304e-06,0.000465528282094577,"ABCG31",817544,"pleiotropic drug resistance 3(ABCG31)"
"371","AT5G11990",31.2139279253784,-2.84439680929079,0.8657241076342,0.000300561308733502,0.0179567797613968,"AT5G11990",831072,"proline-rich family protein(AT5G11990)"
"372","AT5G55020",28.7198622213267,-3.26524565929922,1.19447851204852,0.00108466283760542,0.049620666333101,"ATMYB120",835593,"myb domain protein 120(MYB120)"
"373","AT1G03890",21.6549580127639,4.6087392583894,0.899127981303844,7.06197775071417e-07,8.72925925278675e-05,"CRD",839379,"RmlC-like cupins superfamily protein(AT1G03890)"
"374","AT1G57750",23.4103510416957,3.50330369252198,1.13320836227062,0.00107518352703141,0.0493078637150892,"CYP96A15",842150,"cytochrome P450, family 96, subfamily A, polypeptide 15(CYP96A15)"
"375","AT1G22630",24.0109668413309,2.35571116024084,0.657737295422673,0.000214481124277079,0.0136166332810602,"AT1G22630",838869,"SSUH2-like protein(AT1G22630)"
"376","AT4G39320",16.0752552584201,2.87144307007803,0.904902284553182,0.000682122004276974,0.0341335313936454,"AT4G39320",830087,"microtubule-associated protein-like protein(AT4G39320)"
"377","AT2G02950",22.4760645059214,4.83389681476936,2.20015428487384,0.000286971660863922,0.0174936980251927,"PKS1",814823,"phytochrome kinase substrate 1(PKS1)"
"378","AT2G05070",22.9949316214275,4.68441969700531,1.73813232176754,0.000512075928565745,0.0271531170644308,"LHCB2.2",815055,"photosystem II light harvesting complex protein 2.2(LHCB2.2)"
"379","AT2G26690",21.9298206880639,5.48094486183646,1.06038979066558,5.24912384651942e-07,6.99820689966321e-05,"NPF6.2",817210,"Major facilitator superfamily protein(AT2G26690)"
"380","AT1G68230",20.9885662512229,3.51748095974925,1.02773954226602,0.000609111300774188,0.0315807289693062,"RTNLB14",843152,"Reticulon family protein(AT1G68230)"
"381","AT2G07825",19.292364571261,2.57188244149945,0.741682263610767,0.000246911458328573,0.0152602727473603,"AT2G07825",6240956,"hypothetical protein(AT2G07825)"
"382","AT3G49960",16.1596062412004,4.81523014744501,2.37487699760709,0.000709034829781945,0.0351038066256764,"PER35",824158,"Peroxidase superfamily protein(AT3G49960)"
"383","AT5G07190",20.1990917395821,2.19317527095769,0.627598430839873,0.000474945763866354,0.0256952541523638,"ATS3",830610,"embryo-specific protein 3(ATS3)"
"384","AT4G01630",17.9753104502311,4.38219047987646,2.10984568736472,0.000594889817985242,0.0311025726966234,"EXPA17",827983,"expansin A17(EXPA17)"
"385","AT5G59090",19.4721744663219,4.58624638837462,1.31555743815848,0.000163568500612925,0.0107500213519023,"ATSBT4.12",836026,"subtilase 4.12(SBT4.12)"
"386","AT3G48740",22.4548937954737,6.81463822206829,2.43000786706017,6.39502891069262e-06,0.000636465652449469,"SWEET11",824035,"Nodulin MtN3 family protein(SWEET11)"
"387","AT5G54000",14.8497140308896,2.71010920642744,0.823181667695274,0.000468287788991631,0.0254086964579326,"AT5G54000",835483,"2-oxoglutarate (2OG) and Fe(II)-dependent oxygenase superfamily protein(AT5G54000)"
"388","AT1G76100",20.9886836501752,4.40254445544103,1.41994226264234,0.00044145472064407,0.0243779655645608,"PETE",843942,"plastocyanin 1(PETE1)"
"389","AT1G77100",16.9459520194062,3.68352588095231,0.751557429491812,1.12445394421969e-06,0.000132835018157346,"PER13",844045,"peroxidase superfamily protein(AT1G77100)"
"390","AT1G35180",20.3647425346692,4.64430788890989,2.2913862752624,0.000712600654096053,0.0351870137796371,"AT1G35180",840405,"TRAM, LAG1 and CLN8 (TLC) lipid-sensing domain containing protein(AT1G35180)"
"391","AT5G62210",25.3167489955816,-2.66667912558004,0.716923322681355,0.000107215904213409,0.00763811012268425,"AT5G62210",836342,"Embryo-specific protein 3, (ATS3)(AT5G62210)"
"392","AT1G14700",19.070761491796,6.7092247015156,2.40247797551211,3.76544836601982e-06,0.000406254877177804,"PAP3",838035,"purple acid phosphatase 3(PAP3)"
"393","AT1G78490",17.3947769220143,3.82339734864482,1.18313086907228,0.000408220342648141,0.0230194341254609,"CYP708A3",844185,"cytochrome P450, family 708, subfamily A, polypeptide 3(CYP708A3)"
"394","AT1G05760",11.5356190780955,4.82872439046307,2.33915855359285,0.000592018080798786,0.0310393749385094,"RTM1",837084,"Mannose-binding lectin superfamily protein(RTM1)"
"395","AT4G38690",14.4084895524624,3.66934962424242,1.06038698770135,0.000460808271870592,0.0250757620829871,"AT4G38690",830025,"PLC-like phosphodiesterases superfamily protein(AT4G38690)"
"396","AT4G34560",8.72557723659211,4.83317996721483,2.194344512405,0.000302270952985084,0.0179567797613968,"AT4G34560",829608,"transmembrane protein(AT4G34560)"
"397","AT5G23660",13.3921807799739,7.06431214532771,2.40632001629036,6.37150371432304e-07,8.05781757088813e-05,"SWEET12",832431,"bidirectional sugar transporter SWEET12-like protein(SWEET12)"
"398","AT4G00780",8.54393282711318,6.350848191381,2.4128327672729,1.29523319886735e-05,0.00120877638284295,"AT4G00780",828009,"TRAF-like family protein(AT4G00780)"
"399","AT2G43580",10.3378257886336,3.1797812887959,0.93292958123671,0.000414010003922224,0.0232056958654904,"AT2G43580",818960,"Chitinase family protein(AT2G43580)"
"400","AT2G28140",9.01539365415341,5.68110670199594,2.36548841230867,8.40560449867334e-05,0.00625186103964476,"AT2G28140",817360,"enabled-like protein (DUF1635)(AT2G28140)"
"401","AT2G22190",12.1457409447425,4.53363695466203,1.35786562282021,0.000193697872888633,0.0124061761508559,"TPPE",816753,"Haloacid dehalogenase-like hydrolase (HAD) superfamily protein(TPPE)"
"402","AT4G17340",9.83310617019012,3.45990580754257,1.0574152343487,0.000615937117379723,0.0318081913351774,"TIP2-2",827446,"tonoplast intrinsic protein 2;2(TIP2;2)"
"403","AT1G66600",8.83982356393746,3.15358471605109,0.981443392577648,0.000665730334649564,0.0335833964763084,"WRKY63",842978,"ABA overly sensitive mutant 3(ABO3)"
"404","AT5G66430",8.86681173848153,6.30523061878494,2.5527050136117,8.54800941831919e-05,0.00633129348384634,"AT5G66430",836775,"S-adenosyl-L-methionine-dependent methyltransferases superfamily protein(AT5G66430)"
"405","AT2G26400",9.62307526026043,7.11907494522304,2.58301956833935,6.51090581031501e-06,0.000642995010314972,"ARD1",817180,"acireductone dioxygenase 3(ARD3)"
"406","AT1G77870",10.8296949652801,5.35827746700271,2.33312142273985,0.000158022577540234,0.010459189396413,"MUB5",844123,"membrane-anchored ubiquitin-fold protein 5 precursor(MUB5)"
"407","AT1G14630",5.96040489803432,4.99361917079813,2.29069304078147,0.000360192852641213,0.0208142402307995,"AT1G14630",838025,"XRI1-like protein(AT1G14630)"
"408","AT3G45000",5.80802667242428,-0.28211358769852,0.568585103825583,0.000332907603436432,0.0192972683793199,"VPS24-2",823635,"SNF7 family protein(VPS24.2)"
"409","AT1G66770",7.06770358710265,4.13646342791589,1.47212334292068,0.00095371666107369,0.0447264358767347,"SWEET6",842995,"Nodulin MtN3 family protein(SWEET6)"
"410","AT2G41480",4.35427679446269,5.16224907598053,2.61273388484039,0.000867916311790054,0.0412205037138966,"PER25",818746,"peroxidase superfamily protein(AT2G41480)"
